Afghanistan,99
Albania,117
Angola,118
Argentina,123
Australia,123
Austria,123
Bahrain,122
Bangladesh,123
Barbados,115
Belgium,123
Belize,108
Benin,123
Bolivia,123
Botswana,123
Brazil,123
Bulgaria,123
Burundi,123
Cameroon,116
Canada,123
Chile,123
China,122
Colombia,123
CongoDemRep,116
CongoRep,123
CostaRica,123
CotedIvoire,115
Cuba,123
Cyprus,123
Denmark,123
DominicanRepublic,123
Ecuador,123
EgyptArabRep,123
ElSalvador,123
Ethiopia,122
Fiji,118
Finland,123
France,123
GambiaThe,117
Germany,123
Ghana,123
Greece,123
Grenada,103
Guatemala,118
GuineaBissau,118
Guyana,115
Haiti,123
Honduras,123
Hungary,123
Iceland,121
India,123
Indonesia,123
IranIslamicRep,122
Iraq,123
Ireland,123
Israel,123
Italy,123
Jamaica,123
Japan,123
Jordan,123
Kenya,114
KoreaDemPeoplesRep,104
KoreaRep,116
Kuwait,99
LaoPDR,112
Lebanon,123
Liberia,106
Libya,99
Liechtenstein,106
Luxembourg,121
Madagascar,123
Malaysia,117
Malta,121
Mauritius,123
Mexico,123
Mongolia,123
Morocco,123
Mozambique,123
Myanmar,114
Nepal,123
Netherlands,123
NewZealand,123
Nicaragua,123
Nigeria,122
Norway,123
Oman,109
Pakistan,123
Panama,121
Paraguay,121
Peru,123
Philippines,123
Poland,123
Portugal,123
PuertoRico,123
Romania,123
RussianFederation,118
SanMarino,115
SaoTomeandPrincipe,108
SaudiArabia,122
Senegal,116
Serbia,115
Seychelles,110
SierraLeone,122
Singapore,113
Somalia,123
SouthAfrica,123
Spain,123
SriLanka,123
Sudan,122
Suriname,102
Sweden,123
Switzerland,123
SyrianArabRepublic,123
Tanzania,115
Thailand,115
TrinidadandTobago,111
Tunisia,115
Turkey,123
Uganda,114
UnitedKingdom,123
UnitedStates,123
Uruguay,123
VenezuelaRB,123
Vietnam,123
Zimbabwe,123