Afghanistan,103
Albania,109
Angola,113
Argentina,121
Australia,122
Austria,121
Bahrain,109
Bangladesh,121
Barbados,100
Belgium,122
Belize,62
Benin,122
Bolivia,122
Botswana,121
Brazil,122
Bulgaria,122
Burundi,118
Cameroon,103
Canada,122
Chile,122
China,109
Colombia,122
CongoDemRep,95
CongoRep,112
CostaRica,122
CotedIvoire,103
Cuba,113
Cyprus,118
Denmark,122
DominicanRepublic,121
Ecuador,122
EgyptArabRep,119
ElSalvador,116
Ethiopia,109
Fiji,118
Finland,122
France,122
GambiaThe,109
Germany,123
Ghana,121
Greece,122
Grenada,104
Guatemala,116
GuineaBissau,115
Guyana,104
Haiti,120
Honduras,113
Hungary,122
Iceland,120
India,122
Indonesia,121
IranIslamicRep,111
Iraq,110
Ireland,122
Israel,120
Italy,122
Jamaica,120
Japan,122
Jordan,120
Kenya,93
KoreaDemPeoplesRep,99
KoreaRep,107
Kuwait,100
LaoPDR,107
Lebanon,117
Liberia,10
Libya,99
Liechtenstein,107
Luxembourg,121
Madagascar,120
Malaysia,104
Malta,122
Mauritius,121
Mexico,121
Mongolia,120
Morocco,119
Mozambique,113
Myanmar,80
Nepal,122
Netherlands,121
NewZealand,123
Nicaragua,117
Nigeria,117
Norway,122
Oman,109
Pakistan,120
Panama,121
Paraguay,121
Peru,122
Philippines,122
Poland,122
Portugal,122
PuertoRico,117
Romania,121
RussianFederation,117
SanMarino,116
SaoTomeandPrincipe,99
SaudiArabia,110
Senegal,107
Serbia,108
Seychelles,75
SierraLeone,111
Singapore,90
Somalia,107
SouthAfrica,122
Spain,122
SriLanka,121
Sudan,100
Suriname,101
Sweden,123
Switzerland,122
SyrianArabRepublic,110
Tanzania,97
Thailand,98
TrinidadandTobago,90
Tunisia,108
Turkey,119
Uganda,90
UnitedKingdom,122
UnitedStates,123
Uruguay,121
VenezuelaRB,122
Vietnam,110
Zimbabwe,119