Afghanistan,104
Albania,112
Angola,118
Argentina,122
Australia,122
Austria,121
Bahrain,110
Bangladesh,121
Barbados,102
Belgium,122
Belize,63
Benin,122
Bolivia,122
Botswana,122
Brazil,122
Bulgaria,122
Burundi,119
Cameroon,108
Canada,122
Chile,122
China,112
Colombia,122
CongoDemRep,109
CongoRep,112
CostaRica,122
CotedIvoire,105
Cuba,113
Cyprus,119
Denmark,122
DominicanRepublic,121
Ecuador,122
EgyptArabRep,120
ElSalvador,117
Ethiopia,109
Fiji,118
Finland,122
France,121
GambiaThe,110
Germany,123
Ghana,121
Greece,122
Grenada,104
Guatemala,118
GuineaBissau,115
Guyana,108
Haiti,120
Honduras,113
Hungary,122
Iceland,121
India,122
Indonesia,121
IranIslamicRep,115
Iraq,118
Ireland,122
Israel,121
Italy,122
Jamaica,121
Japan,122
Jordan,120
Kenya,109
KoreaDemPeoplesRep,99
KoreaRep,107
Kuwait,104
LaoPDR,112
Lebanon,119
Liberia,19
Libya,99
Liechtenstein,106
Luxembourg,120
Madagascar,120
Malaysia,112
Malta,121
Mauritius,121
Mexico,121
Mongolia,120
Morocco,120
Mozambique,119
Myanmar,89
Nepal,122
Netherlands,121
NewZealand,123
Nicaragua,119
Nigeria,119
Norway,122
Oman,114
Pakistan,121
Panama,121
Paraguay,122
Peru,122
Philippines,122
Poland,122
Portugal,122
PuertoRico,116
Romania,121
RussianFederation,119
SanMarino,115
SaoTomeandPrincipe,99
SaudiArabia,110
Senegal,106
Serbia,110
Seychelles,80
SierraLeone,116
Singapore,105
Somalia,107
SouthAfrica,123
Spain,122
SriLanka,121
Sudan,111
Suriname,102
Sweden,123
Switzerland,122
SyrianArabRepublic,116
Tanzania,100
Thailand,110
TrinidadandTobago,82
Tunisia,107
Turkey,120
Uganda,101
UnitedKingdom,122
UnitedStates,123
Uruguay,122
VenezuelaRB,122
Vietnam,117
Zimbabwe,122