Afghanistan,109
Albania,101
Angola,109
Argentina,122
Australia,118
Austria,123
Bahrain,109
Bangladesh,109
Barbados,43
Belgium,123
Belize,37
Benin,111
Bolivia,122
Botswana,98
Brazil,117
Bulgaria,109
Burundi,109
Cameroon,101
Canada,119
Chile,123
China,109
Colombia,117
CongoDemRep,101
CongoRep,109
CostaRica,123
CotedIvoire,56
Cuba,109
Cyprus,119
Denmark,122
DominicanRepublic,123
Ecuador,119
EgyptArabRep,109
ElSalvador,119
Ethiopia,109
Fiji,98
Finland,120
France,123
GambiaThe,111
Germany,123
Ghana,98
Greece,118
Grenada,110
Guatemala,119
GuineaBissau,109
Guyana,114
Haiti,117
Honduras,110
Hungary,109
Iceland,119
India,121
Indonesia,116
IranIslamicRep,116
Iraq,109
Ireland,103
Israel,119
Italy,123
Jamaica,120
Japan,122
Jordan,116
Kenya,80
KoreaDemPeoplesRep,109
KoreaRep,80
Kuwait,109
LaoPDR,109
Lebanon,122
Liberia,54
Libya,101
Liechtenstein,99
Luxembourg,119
Madagascar,117
Malaysia,70
Malta,113
Mauritius,119
Mexico,122
Mongolia,109
Morocco,117
Mozambique,109
Myanmar,56
Nepal,116
Netherlands,120
NewZealand,118
Nicaragua,110
Nigeria,109
Norway,123
Oman,116
Pakistan,121
Panama,122
Paraguay,123
Peru,123
Philippines,116
Poland,110
Portugal,120
PuertoRico,119
Romania,109
RussianFederation,109
SanMarino,113
SaoTomeandPrincipe,109
SaudiArabia,105
Senegal,69
Serbia,105
Seychelles,101
SierraLeone,117
Singapore,80
Somalia,116
SouthAfrica,121
Spain,120
SriLanka,121
Sudan,117
Suriname,101
Sweden,123
Switzerland,122
SyrianArabRepublic,109
Tanzania,56
Thailand,54
TrinidadandTobago,54
Tunisia,111
Turkey,118
Uganda,56
UnitedKingdom,123
UnitedStates,123
Uruguay,122
VenezuelaRB,123
Vietnam,109
Zimbabwe,117