Afghanistan,119
Albania,121
Angola,120
Argentina,123
Australia,123
Austria,123
Bahrain,122
Bangladesh,123
Barbados,119
Belgium,123
Belize,116
Benin,123
Bolivia,123
Botswana,123
Brazil,123
Bulgaria,123
Burundi,123
Cameroon,119
Canada,123
Chile,123
China,122
Colombia,123
CongoDemRep,118
CongoRep,123
CostaRica,123
CotedIvoire,118
Cuba,123
Cyprus,123
Denmark,123
DominicanRepublic,123
Ecuador,123
EgyptArabRep,123
ElSalvador,123
Ethiopia,123
Fiji,117
Finland,123
France,123
GambiaThe,117
Germany,123
Ghana,123
Greece,123
Grenada,103
Guatemala,120
GuineaBissau,116
Guyana,119
Haiti,123
Honduras,123
Hungary,123
Iceland,120
India,123
Indonesia,123
IranIslamicRep,122
Iraq,123
Ireland,123
Israel,123
Italy,123
Jamaica,123
Japan,123
Jordan,123
Kenya,118
KoreaDemPeoplesRep,103
KoreaRep,120
Kuwait,119
LaoPDR,112
Lebanon,123
Liberia,116
Libya,98
Liechtenstein,106
Luxembourg,122
Madagascar,123
Malaysia,120
Malta,122
Mauritius,123
Mexico,123
Mongolia,123
Morocco,123
Mozambique,123
Myanmar,107
Nepal,123
Netherlands,123
NewZealand,123
Nicaragua,123
Nigeria,123
Norway,123
Oman,122
Pakistan,123
Panama,120
Paraguay,122
Peru,123
Philippines,123
Poland,123
Portugal,123
PuertoRico,123
Romania,123
RussianFederation,121
SanMarino,117
SaoTomeandPrincipe,113
SaudiArabia,110
Senegal,119
Serbia,117
Seychelles,116
SierraLeone,123
Singapore,110
Somalia,123
SouthAfrica,123
Spain,123
SriLanka,123
Sudan,123
Suriname,111
Sweden,123
Switzerland,123
SyrianArabRepublic,123
Tanzania,118
Thailand,119
TrinidadandTobago,115
Tunisia,118
Turkey,123
Uganda,118
UnitedKingdom,123
UnitedStates,123
Uruguay,123
VenezuelaRB,123
Vietnam,123
Zimbabwe,123