Afghanistan,107
Albania,111
Angola,113
Argentina,122
Australia,119
Austria,118
Bahrain,114
Bangladesh,114
Barbados,75
Belgium,121
Belize,46
Benin,119
Bolivia,122
Botswana,99
Brazil,121
Bulgaria,121
Burundi,110
Cameroon,69
Canada,121
Chile,122
China,113
Colombia,122
CongoDemRep,97
CongoRep,111
CostaRica,122
CotedIvoire,84
Cuba,118
Cyprus,118
Denmark,122
DominicanRepublic,118
Ecuador,121
EgyptArabRep,113
ElSalvador,118
Ethiopia,115
Fiji,115
Finland,120
France,122
GambiaThe,109
Germany,123
Ghana,118
Greece,122
Grenada,102
Guatemala,118
GuineaBissau,114
Guyana,116
Haiti,118
Honduras,118
Hungary,122
Iceland,114
India,118
Indonesia,118
IranIslamicRep,115
Iraq,110
Ireland,121
Israel,114
Italy,122
Jamaica,114
Japan,119
Jordan,114
Kenya,69
KoreaDemPeoplesRep,107
KoreaRep,106
Kuwait,107
LaoPDR,114
Lebanon,120
Liberia,10
Libya,107
Liechtenstein,102
Luxembourg,121
Madagascar,117
Malaysia,103
Malta,118
Mauritius,122
Mexico,114
Mongolia,119
Morocco,117
Mozambique,107
Myanmar,76
Nepal,119
Netherlands,116
NewZealand,123
Nicaragua,118
Nigeria,117
Norway,122
Oman,114
Pakistan,117
Panama,118
Paraguay,121
Peru,121
Philippines,121
Poland,122
Portugal,122
PuertoRico,115
Romania,122
RussianFederation,87
SanMarino,114
SaoTomeandPrincipe,107
SaudiArabia,114
Senegal,114
Serbia,110
Seychelles,112
SierraLeone,116
Singapore,72
Somalia,107
SouthAfrica,115
Spain,122
SriLanka,114
Sudan,107
Suriname,107
Sweden,123
Switzerland,121
SyrianArabRepublic,110
Tanzania,110
Thailand,72
TrinidadandTobago,57
Tunisia,82
Turkey,117
Uganda,60
UnitedKingdom,119
UnitedStates,122
Uruguay,122
VenezuelaRB,121
Vietnam,111
Zimbabwe,113