Afghanistan,109
Albania,109
Angola,109
Argentina,123
Australia,118
Austria,123
Bahrain,96
Bangladesh,109
Barbados,43
Belgium,123
Belize,95
Benin,116
Bolivia,122
Botswana,95
Brazil,116
Bulgaria,116
Burundi,96
Cameroon,96
Canada,118
Chile,123
China,109
Colombia,117
CongoDemRep,96
CongoRep,109
CostaRica,123
CotedIvoire,56
Cuba,109
Cyprus,119
Denmark,123
DominicanRepublic,123
Ecuador,119
EgyptArabRep,109
ElSalvador,119
Ethiopia,96
Fiji,95
Finland,119
France,123
GambiaThe,107
Germany,123
Ghana,95
Greece,118
Grenada,100
Guatemala,119
GuineaBissau,95
Guyana,116
Haiti,106
Honduras,111
Hungary,109
Iceland,118
India,121
Indonesia,117
IranIslamicRep,116
Iraq,109
Ireland,102
Israel,118
Italy,123
Jamaica,109
Japan,123
Jordan,116
Kenya,86
KoreaDemPeoplesRep,109
KoreaRep,114
Kuwait,96
LaoPDR,118
Lebanon,122
Liberia,61
Libya,61
Liechtenstein,44
Luxembourg,119
Madagascar,117
Malaysia,77
Malta,111
Mauritius,112
Mexico,122
Mongolia,109
Morocco,116
Mozambique,109
Myanmar,56
Nepal,116
Netherlands,119
NewZealand,118
Nicaragua,117
Nigeria,109
Norway,123
Oman,116
Pakistan,114
Panama,122
Paraguay,123
Peru,122
Philippines,118
Poland,110
Portugal,113
PuertoRico,116
Romania,116
RussianFederation,109
SanMarino,111
SaoTomeandPrincipe,109
SaudiArabia,104
Senegal,72
Serbia,100
Seychelles,96
SierraLeone,116
Singapore,86
Somalia,116
SouthAfrica,121
Spain,119
SriLanka,121
Sudan,116
Suriname,109
Sweden,123
Switzerland,123
SyrianArabRepublic,109
Tanzania,56
Thailand,61
TrinidadandTobago,61
Tunisia,107
Turkey,108
Uganda,56
UnitedKingdom,122
UnitedStates,122
Uruguay,122
VenezuelaRB,123
Vietnam,116
Zimbabwe,121