Afghanistan,102
Albania,35
Angola,100
Argentina,122
Australia,120
Austria,113
Bahrain,113
Bangladesh,103
Barbados,67
Belgium,123
Belize,46
Benin,113
Bolivia,122
Botswana,100
Brazil,119
Bulgaria,118
Burundi,100
Cameroon,47
Canada,120
Chile,122
China,113
Colombia,121
CongoDemRep,82
CongoRep,100
CostaRica,122
CotedIvoire,82
Cuba,119
Cyprus,112
Denmark,123
DominicanRepublic,111
Ecuador,122
EgyptArabRep,105
ElSalvador,122
Ethiopia,100
Fiji,113
Finland,120
France,123
GambiaThe,82
Germany,123
Ghana,113
Greece,122
Grenada,101
Guatemala,122
GuineaBissau,100
Guyana,68
Haiti,118
Honduras,121
Hungary,121
Iceland,107
India,116
Indonesia,117
IranIslamicRep,113
Iraq,100
Ireland,121
Israel,109
Italy,123
Jamaica,108
Japan,119
Jordan,113
Kenya,82
KoreaDemPeoplesRep,100
KoreaRep,94
Kuwait,100
LaoPDR,113
Lebanon,121
Liberia,82
Libya,100
Liechtenstein,101
Luxembourg,122
Madagascar,109
Malaysia,98
Malta,123
Mauritius,121
Mexico,119
Mongolia,102
Morocco,114
Mozambique,113
Myanmar,82
Nepal,117
Netherlands,123
NewZealand,122
Nicaragua,122
Nigeria,113
Norway,123
Oman,113
Pakistan,117
Panama,122
Paraguay,122
Peru,122
Philippines,120
Poland,121
Portugal,123
PuertoRico,120
Romania,118
RussianFederation,103
SanMarino,110
SaoTomeandPrincipe,100
SaudiArabia,113
Senegal,67
Serbia,73
Seychelles,82
SierraLeone,113
Singapore,86
Somalia,100
SouthAfrica,100
Spain,123
SriLanka,113
Sudan,100
Suriname,49
Sweden,123
Switzerland,122
SyrianArabRepublic,100
Tanzania,82
Thailand,83
TrinidadandTobago,82
Tunisia,52
Turkey,119
Uganda,47
UnitedKingdom,120
UnitedStates,120
Uruguay,121
VenezuelaRB,123
Vietnam,115
Zimbabwe,105