Afghanistan,127
Albania,133
Algeria,149
Angola,125
Argentina,152
Aruba,21
Australia,150
Austria,152
BahamasThe,139
Bahrain,112
Bangladesh,150
Barbados,137
Belgium,152
Belize,124
Benin,146
Bermuda,135
Bolivia,151
Botswana,142
Brazil,153
BruneiDarussalam,122
Bulgaria,134
BurkinaFaso,134
Burundi,98
Cameroon,145
Canada,152
CentralAfricanRepublic,85
Chad,122
Chile,151
China,146
Colombia,152
Comoros,83
CongoDemRep,151
CongoRep,150
CostaRica,152
CotedIvoire,142
Cuba,148
Curacao,132
Cyprus,152
Denmark,152
DominicanRepublic,150
Ecuador,150
EgyptArabRep,151
ElSalvador,150
Eswatini,122
Ethiopia,123
Fiji,142
Finland,152
France,152
Gabon,131
GambiaThe,149
Germany,152
Ghana,149
Gibraltar,58
Greece,152
Grenada,141
Guatemala,150
Guinea,119
GuineaBissau,120
Guyana,147
Haiti,147
Honduras,150
Hungary,149
Iceland,147
India,152
Indonesia,152
IranIslamicRep,151
Iraq,151
Ireland,150
Israel,152
Italy,152
Jamaica,150
Japan,152
Jordan,151
Kenya,148
KoreaDemPeoplesRep,141
KoreaRep,149
Kuwait,151
LaoPDR,134
Lebanon,152
Lesotho,147
Liberia,139
Libya,141
Liechtenstein,104
Luxembourg,151
Madagascar,149
Malawi,147
Malaysia,148
Maldives,122
Mali,106
Malta,147
Mauritania,141
Mauritius,149
Mexico,153
Monaco,138
Mongolia,133
Morocco,149
Mozambique,147
Myanmar,145
Nepal,147
Netherlands,152
NewZealand,150
Nicaragua,139
Niger,126
Nigeria,152
Norway,152
Oman,121
Pakistan,150
Panama,151
PapuaNewGuinea,125
Paraguay,151
Peru,151
Philippines,150
Poland,151
Portugal,152
PuertoRico,150
Qatar,65
Romania,141
RussianFederation,147
Rwanda,122
SanMarino,129
SaoTomeandPrincipe,112
SaudiArabia,146
Senegal,143
Serbia,149
Seychelles,141
SierraLeone,151
Singapore,144
SolomonIslands,122
Somalia,134
SouthAfrica,151
Spain,152
SriLanka,151
StLucia,122
Sudan,147
Suriname,144
Sweden,152
Switzerland,152
SyrianArabRepublic,143
Tanzania,147
Thailand,139
Togo,127
TrinidadandTobago,147
Tunisia,148
Turkey,142
Uganda,141
UnitedArabEmirates,143
UnitedKingdom,151
UnitedStates,153
Uruguay,137
VenezuelaRB,153
Vietnam,150
VirginIslandsUS,96
Zambia,141
Zimbabwe,149