Afghanistan,123
Albania,141
Algeria,150
Angola,147
Argentina,152
Aruba,129
Australia,153
Austria,151
BahamasThe,144
Bahrain,151
Bangladesh,152
Barbados,151
Belgium,151
Belize,134
Benin,149
Bermuda,142
Bolivia,151
Botswana,151
Brazil,152
BruneiDarussalam,122
Bulgaria,150
BurkinaFaso,146
Burundi,147
Cameroon,150
Canada,153
CentralAfricanRepublic,145
Chad,118
Chile,152
China,151
Colombia,152
Comoros,134
CongoDemRep,151
CongoRep,148
CostaRica,152
CotedIvoire,150
Cuba,152
Curacao,69
Cyprus,153
Denmark,152
DominicanRepublic,151
Ecuador,152
EgyptArabRep,151
ElSalvador,150
Eswatini,148
Ethiopia,147
Fiji,150
Finland,152
France,152
Gabon,136
GambiaThe,144
Germany,152
Ghana,152
Gibraltar,140
Greece,151
Grenada,147
Guatemala,151
Guinea,147
GuineaBissau,134
Guyana,152
Haiti,148
Honduras,150
Hungary,152
Iceland,149
India,152
Indonesia,150
IranIslamicRep,151
Iraq,150
Ireland,152
Israel,151
Italy,152
Jamaica,153
Japan,152
Jordan,151
Kenya,151
KoreaDemPeoplesRep,139
KoreaRep,147
Kuwait,150
LaoPDR,136
Lebanon,152
Lesotho,149
Liberia,147
Libya,147
Liechtenstein,135
Luxembourg,151
Madagascar,150
Malawi,147
Malaysia,149
Maldives,40
Mali,142
Malta,153
Mauritania,144
Mauritius,153
Mexico,151
Monaco,144
Mongolia,137
Morocco,151
Mozambique,151
Myanmar,133
Nepal,152
Netherlands,151
NewZealand,152
Nicaragua,146
Niger,139
Nigeria,152
Norway,151
Oman,149
Pakistan,152
Panama,152
PapuaNewGuinea,147
Paraguay,151
Peru,152
Philippines,151
Poland,152
Portugal,152
PuertoRico,151
Qatar,138
Romania,150
RussianFederation,150
Rwanda,144
SanMarino,133
SaoTomeandPrincipe,127
SaudiArabia,150
Senegal,151
Serbia,150
Seychelles,149
SierraLeone,151
Singapore,148
SolomonIslands,108
Somalia,148
SouthAfrica,150
Spain,152
SriLanka,152
StLucia,143
Sudan,150
Suriname,147
Sweden,152
Switzerland,152
SyrianArabRepublic,150
Tanzania,152
Thailand,147
Togo,147
TrinidadandTobago,147
Tunisia,151
Turkey,152
Uganda,150
UnitedArabEmirates,147
UnitedKingdom,153
UnitedStates,152
Uruguay,152
VenezuelaRB,152
Vietnam,141
VirginIslandsUS,112
Zambia,152
Zimbabwe,152