Afghanistan,146
Albania,128
Algeria,147
Angola,127
Argentina,151
Aruba,57
Australia,152
Austria,152
BahamasThe,142
Bahrain,144
Bangladesh,151
Barbados,144
Belgium,152
Belize,140
Benin,133
Bermuda,139
Bolivia,150
Botswana,145
Brazil,151
BruneiDarussalam,131
Bulgaria,148
BurkinaFaso,138
Burundi,145
Cameroon,147
Canada,153
CentralAfricanRepublic,144
Chad,129
Chile,151
China,146
Colombia,151
Comoros,116
CongoDemRep,150
CongoRep,150
CostaRica,152
CotedIvoire,148
Cuba,149
Curacao,100
Cyprus,153
Denmark,152
DominicanRepublic,152
Ecuador,152
EgyptArabRep,150
ElSalvador,150
Eswatini,132
Ethiopia,147
Fiji,145
Finland,152
France,152
Gabon,144
GambiaThe,151
Germany,152
Ghana,151
Gibraltar,129
Greece,150
Grenada,144
Guatemala,138
Guinea,101
GuineaBissau,147
Guyana,153
Haiti,148
Honduras,150
Hungary,148
Iceland,150
India,151
Indonesia,150
IranIslamicRep,150
Iraq,150
Ireland,149
Israel,151
Italy,152
Jamaica,153
Japan,152
Jordan,150
Kenya,151
KoreaDemPeoplesRep,141
KoreaRep,147
Kuwait,150
LaoPDR,146
Lebanon,152
Lesotho,149
Liberia,142
Libya,146
Liechtenstein,130
Luxembourg,152
Madagascar,148
Malawi,144
Malaysia,152
Maldives,37
Mali,126
Malta,149
Mauritania,114
Mauritius,153
Mexico,151
Monaco,127
Mongolia,134
Morocco,148
Mozambique,148
Myanmar,148
Nepal,148
Netherlands,152
NewZealand,152
Nicaragua,151
Niger,136
Nigeria,151
Norway,152
Oman,144
Pakistan,150
Panama,151
PapuaNewGuinea,134
Paraguay,152
Peru,152
Philippines,148
Poland,150
Portugal,151
PuertoRico,151
Qatar,132
Romania,150
RussianFederation,148
Rwanda,141
SanMarino,133
SaoTomeandPrincipe,121
SaudiArabia,144
Senegal,150
Serbia,148
Seychelles,143
SierraLeone,151
Singapore,148
SolomonIslands,131
Somalia,134
SouthAfrica,149
Spain,152
SriLanka,151
StLucia,47
Sudan,148
Suriname,125
Sweden,152
Switzerland,152
SyrianArabRepublic,150
Tanzania,150
Thailand,143
Togo,144
TrinidadandTobago,150
Tunisia,148
Turkey,152
Uganda,148
UnitedArabEmirates,146
UnitedKingdom,153
UnitedStates,152
Uruguay,142
VenezuelaRB,152
Vietnam,141
VirginIslandsUS,97
Zambia,147
Zimbabwe,151