Afghanistan,146
Albania,152
Algeria,152
Angola,152
Argentina,152
Aruba,137
Australia,153
Austria,152
BahamasThe,150
Bahrain,151
Bangladesh,152
Barbados,152
Belgium,152
Belize,151
Benin,150
Bermuda,149
Bolivia,152
Botswana,152
Brazil,152
BruneiDarussalam,131
Bulgaria,152
BurkinaFaso,152
Burundi,148
Cameroon,152
Canada,153
CentralAfricanRepublic,150
Chad,148
Chile,152
China,151
Colombia,152
Comoros,143
CongoDemRep,152
CongoRep,148
CostaRica,152
CotedIvoire,150
Cuba,147
Curacao,92
Cyprus,153
Denmark,152
DominicanRepublic,152
Ecuador,152
EgyptArabRep,152
ElSalvador,152
Eswatini,152
Ethiopia,151
Fiji,153
Finland,152
France,152
Gabon,152
GambiaThe,150
Germany,152
Ghana,152
Gibraltar,131
Greece,152
Grenada,152
Guatemala,152
Guinea,148
GuineaBissau,137
Guyana,153
Haiti,152
Honduras,151
Hungary,152
Iceland,152
India,153
Indonesia,152
IranIslamicRep,151
Iraq,151
Ireland,153
Israel,152
Italy,152
Jamaica,153
Japan,152
Jordan,151
Kenya,152
KoreaDemPeoplesRep,145
KoreaRep,151
Kuwait,151
LaoPDR,148
Lebanon,152
Lesotho,151
Liberia,151
Libya,151
Liechtenstein,151
Luxembourg,152
Madagascar,152
Malawi,152
Malaysia,152
Maldives,43
Mali,148
Malta,153
Mauritania,151
Mauritius,153
Mexico,152
Monaco,149
Mongolia,150
Morocco,152
Mozambique,151
Myanmar,146
Nepal,152
Netherlands,152
NewZealand,153
Nicaragua,149
Niger,151
Nigeria,152
Norway,152
Oman,151
Pakistan,153
Panama,152
PapuaNewGuinea,150
Paraguay,152
Peru,152
Philippines,152
Poland,152
Portugal,152
PuertoRico,152
Qatar,144
Romania,152
RussianFederation,151
Rwanda,146
SanMarino,141
SaoTomeandPrincipe,130
SaudiArabia,151
Senegal,152
Serbia,151
Seychelles,147
SierraLeone,152
Singapore,150
SolomonIslands,147
Somalia,148
SouthAfrica,152
Spain,152
SriLanka,152
StLucia,152
Sudan,151
Suriname,150
Sweden,152
Switzerland,152
SyrianArabRepublic,151
Tanzania,152
Thailand,149
Togo,151
TrinidadandTobago,152
Tunisia,152
Turkey,152
Uganda,153
UnitedArabEmirates,149
UnitedKingdom,153
UnitedStates,152
Uruguay,152
VenezuelaRB,152
Vietnam,151
VirginIslandsUS,144
Zambia,152
Zimbabwe,153