Afghanistan,151
Albania,153
Algeria,153
Angola,152
Argentina,153
Aruba,151
Australia,153
Austria,153
BahamasThe,151
Bahrain,153
Bangladesh,153
Barbados,152
Belgium,153
Belize,151
Benin,153
Bermuda,151
Bolivia,153
Botswana,153
Brazil,153
BruneiDarussalam,152
Bulgaria,153
BurkinaFaso,153
Burundi,152
Cameroon,153
Canada,153
CentralAfricanRepublic,151
Chad,151
Chile,153
China,152
Colombia,153
Comoros,137
CongoDemRep,153
CongoRep,152
CostaRica,153
CotedIvoire,153
Cuba,152
Curacao,138
Cyprus,153
Denmark,153
DominicanRepublic,153
Ecuador,153
EgyptArabRep,153
ElSalvador,153
Eswatini,153
Ethiopia,153
Fiji,153
Finland,153
France,153
Gabon,153
GambiaThe,152
Germany,153
Ghana,153
Gibraltar,138
Greece,153
Grenada,153
Guatemala,153
Guinea,152
GuineaBissau,148
Guyana,152
Haiti,153
Honduras,153
Hungary,153
Iceland,153
India,153
Indonesia,153
IranIslamicRep,151
Iraq,151
Ireland,153
Israel,153
Italy,153
Jamaica,153
Japan,153
Jordan,153
Kenya,153
KoreaDemPeoplesRep,132
KoreaRep,153
Kuwait,153
LaoPDR,152
Lebanon,153
Lesotho,151
Liberia,153
Libya,152
Liechtenstein,150
Luxembourg,153
Madagascar,153
Malawi,151
Malaysia,153
Maldives,142
Mali,153
Malta,153
Mauritania,153
Mauritius,153
Mexico,153
Monaco,150
Mongolia,153
Morocco,153
Mozambique,153
Myanmar,150
Nepal,153
Netherlands,153
NewZealand,153
Nicaragua,152
Niger,153
Nigeria,153
Norway,153
Oman,151
Pakistan,153
Panama,153
PapuaNewGuinea,153
Paraguay,153
Peru,153
Philippines,153
Poland,153
Portugal,153
PuertoRico,153
Qatar,146
Romania,153
RussianFederation,153
Rwanda,153
SanMarino,139
SaoTomeandPrincipe,147
SaudiArabia,152
Senegal,153
Serbia,153
Seychelles,145
SierraLeone,153
Singapore,153
SolomonIslands,151
Somalia,152
SouthAfrica,153
Spain,153
SriLanka,152
StLucia,149
Sudan,152
Suriname,152
Sweden,153
Switzerland,153
SyrianArabRepublic,151
Tanzania,153
Thailand,153
Togo,153
TrinidadandTobago,151
Tunisia,153
Turkey,153
Uganda,153
UnitedArabEmirates,151
UnitedKingdom,153
UnitedStates,153
Uruguay,153
VenezuelaRB,153
Vietnam,152
VirginIslandsUS,147
Zambia,153
Zimbabwe,153