Afghanistan,152
Albania,153
Algeria,153
Angola,153
Argentina,153
Aruba,152
Australia,153
Austria,153
BahamasThe,151
Bahrain,153
Bangladesh,153
Barbados,152
Belgium,153
Belize,151
Benin,153
Bermuda,151
Bolivia,153
Botswana,153
Brazil,153
BruneiDarussalam,152
Bulgaria,153
BurkinaFaso,153
Burundi,153
Cameroon,153
Canada,153
CentralAfricanRepublic,152
Chad,152
Chile,153
China,152
Colombia,153
Comoros,137
CongoDemRep,153
CongoRep,153
CostaRica,153
CotedIvoire,153
Cuba,153
Curacao,141
Cyprus,153
Denmark,153
DominicanRepublic,153
Ecuador,153
EgyptArabRep,153
ElSalvador,153
Eswatini,153
Ethiopia,153
Fiji,152
Finland,153
France,153
Gabon,153
GambiaThe,153
Germany,153
Ghana,153
Gibraltar,144
Greece,153
Grenada,153
Guatemala,153
Guinea,152
GuineaBissau,151
Guyana,152
Haiti,153
Honduras,153
Hungary,153
Iceland,153
India,153
Indonesia,153
IranIslamicRep,152
Iraq,152
Ireland,153
Israel,153
Italy,153
Jamaica,153
Japan,153
Jordan,153
Kenya,153
KoreaDemPeoplesRep,138
KoreaRep,153
Kuwait,153
LaoPDR,152
Lebanon,153
Lesotho,153
Liberia,151
Libya,152
Liechtenstein,151
Luxembourg,153
Madagascar,153
Malawi,153
Malaysia,153
Maldives,152
Mali,153
Malta,153
Mauritania,153
Mauritius,153
Mexico,153
Monaco,151
Mongolia,153
Morocco,153
Mozambique,153
Myanmar,151
Nepal,153
Netherlands,153
NewZealand,153
Nicaragua,153
Niger,153
Nigeria,153
Norway,153
Oman,152
Pakistan,153
Panama,153
PapuaNewGuinea,153
Paraguay,153
Peru,153
Philippines,153
Poland,153
Portugal,153
PuertoRico,153
Qatar,152
Romania,153
RussianFederation,153
Rwanda,153
SanMarino,144
SaoTomeandPrincipe,151
SaudiArabia,152
Senegal,153
Serbia,153
Seychelles,153
SierraLeone,153
Singapore,153
SolomonIslands,151
Somalia,153
SouthAfrica,153
Spain,153
SriLanka,153
StLucia,151
Sudan,153
Suriname,152
Sweden,153
Switzerland,153
SyrianArabRepublic,151
Tanzania,153
Thailand,153
Togo,153
TrinidadandTobago,153
Tunisia,153
Turkey,153
Uganda,153
UnitedArabEmirates,151
UnitedKingdom,153
UnitedStates,153
Uruguay,153
VenezuelaRB,153
Vietnam,153
VirginIslandsUS,147
Zambia,153
Zimbabwe,153