Albania,105
Algeria,113
Argentina,127
Aruba,22
Australia,125
Austria,126
BahamasThe,113
Bangladesh,124
Barbados,113
Belgium,126
Belize,91
Bermuda,86
Bolivia,121
Botswana,97
Brazil,130
Bulgaria,105
BurkinaFaso,64
Cameroon,119
Canada,129
CentralAfricanRepublic,116
Chile,111
China,105
Colombia,127
Comoros,109
CongoDemRep,119
CongoRep,126
CostaRica,124
CotedIvoire,121
Cuba,105
Cyprus,127
Denmark,129
DominicanRepublic,121
Ecuador,122
EgyptArabRep,129
ElSalvador,78
Ethiopia,64
Fiji,108
Finland,129
France,129
Gabon,103
GambiaThe,117
Germany,129
Ghana,126
Greece,129
Guatemala,109
Guyana,122
Haiti,123
Honduras,96
Hungary,105
Iceland,110
India,129
Indonesia,127
IranIslamicRep,129
Iraq,123
Ireland,127
Israel,129
Italy,129
Jamaica,127
Japan,127
Jordan,123
Kenya,126
KoreaDemPeoplesRep,123
KoreaRep,124
Kuwait,123
Lebanon,129
Lesotho,120
Liberia,113
Libya,76
Liechtenstein,93
Luxembourg,126
Madagascar,123
Malawi,120
Malaysia,125
Mali,113
Malta,109
Mauritius,114
Mexico,127
Monaco,118
Mongolia,105
Morocco,124
Mozambique,98
Myanmar,107
Nepal,123
Netherlands,129
NewZealand,118
Nicaragua,124
Niger,80
Nigeria,127
Norway,127
Pakistan,126
Panama,124
Paraguay,123
Peru,122
Philippines,127
Poland,123
Portugal,123
PuertoRico,113
Romania,123
RussianFederation,105
SanMarino,86
SaudiArabia,107
Senegal,116
Serbia,123
Seychelles,67
SierraLeone,120
Singapore,125
Somalia,98
SouthAfrica,120
Spain,124
SriLanka,127
Sudan,113
Suriname,71
Sweden,127
Switzerland,129
SyrianArabRepublic,126
Tanzania,127
Thailand,119
Togo,109
TrinidadandTobago,114
Tunisia,124
Turkey,128
Uganda,118
UnitedArabEmirates,118
UnitedKingdom,129
UnitedStates,130
Uruguay,111
VenezuelaRB,124
Vietnam,123
VirginIslandsUS,86
Zambia,124
Zimbabwe,126