Albania,93
Algeria,95
Argentina,119
Aruba,21
Australia,117
Austria,123
BahamasThe,112
Bangladesh,123
Barbados,112
Belgium,123
Belize,84
Bermuda,84
Bolivia,104
Botswana,84
Brazil,129
Bulgaria,93
BurkinaFaso,98
Cameroon,115
Canada,127
CentralAfricanRepublic,84
Chile,109
China,61
Colombia,125
Comoros,82
CongoDemRep,113
CongoRep,106
CostaRica,117
CotedIvoire,115
Cuba,93
Cyprus,123
Denmark,127
DominicanRepublic,116
Ecuador,118
EgyptArabRep,128
ElSalvador,21
Ethiopia,53
Fiji,73
Finland,127
France,127
Gabon,82
GambiaThe,106
Germany,127
Ghana,125
Greece,127
Guatemala,116
Guyana,53
Haiti,119
Honduras,94
Hungary,93
Iceland,98
India,127
Indonesia,127
IranIslamicRep,112
Iraq,119
Ireland,120
Israel,127
Italy,127
Jamaica,111
Japan,125
Jordan,119
Kenya,121
KoreaDemPeoplesRep,118
KoreaRep,121
Kuwait,89
Lebanon,128
Lesotho,112
Liberia,112
Libya,10
Liechtenstein,84
Luxembourg,123
Madagascar,115
Malawi,111
Malaysia,121
Mali,61
Malta,106
Mauritius,105
Mexico,125
Monaco,111
Mongolia,93
Morocco,108
Mozambique,82
Myanmar,117
Nepal,119
Netherlands,127
NewZealand,113
Nicaragua,98
Niger,71
Nigeria,127
Norway,125
Pakistan,123
Panama,117
Paraguay,118
Peru,109
Philippines,125
Poland,118
Portugal,118
PuertoRico,91
Romania,118
RussianFederation,93
SanMarino,84
SaudiArabia,106
Senegal,99
Serbia,118
Seychelles,53
SierraLeone,125
Singapore,121
Somalia,82
SouthAfrica,106
Spain,118
SriLanka,124
Sudan,95
Suriname,71
Sweden,125
Switzerland,127
SyrianArabRepublic,124
Tanzania,117
Thailand,115
Togo,53
TrinidadandTobago,113
Tunisia,117
Turkey,113
Uganda,96
UnitedArabEmirates,111
UnitedKingdom,127
UnitedStates,129
Uruguay,82
VenezuelaRB,121
Vietnam,118
VirginIslandsUS,84
Zambia,113
Zimbabwe,106