Albania,107
Algeria,125
Argentina,126
Aruba,30
Australia,129
Austria,125
BahamasThe,122
Bangladesh,127
Barbados,119
Belgium,125
Belize,32
Bermuda,109
Bolivia,125
Botswana,98
Brazil,129
Bulgaria,111
BurkinaFaso,73
Cameroon,128
Canada,130
CentralAfricanRepublic,109
Chile,124
China,119
Colombia,126
Comoros,69
CongoDemRep,125
CongoRep,124
CostaRica,121
CotedIvoire,128
Cuba,119
Cyprus,127
Denmark,128
DominicanRepublic,126
Ecuador,126
EgyptArabRep,129
ElSalvador,118
Ethiopia,125
Fiji,114
Finland,128
France,129
Gabon,118
GambiaThe,92
Germany,128
Ghana,129
Greece,128
Guatemala,126
Guyana,113
Haiti,110
Honduras,118
Hungary,119
Iceland,125
India,130
Indonesia,128
IranIslamicRep,125
Iraq,117
Ireland,125
Israel,128
Italy,129
Jamaica,128
Japan,126
Jordan,117
Kenya,129
KoreaDemPeoplesRep,111
KoreaRep,125
Kuwait,116
Lebanon,128
Lesotho,120
Liberia,128
Libya,120
Liechtenstein,111
Luxembourg,125
Madagascar,128
Malawi,126
Malaysia,127
Mali,119
Malta,127
Mauritius,117
Mexico,126
Monaco,119
Mongolia,107
Morocco,128
Mozambique,123
Myanmar,70
Nepal,128
Netherlands,128
NewZealand,127
Nicaragua,110
Niger,104
Nigeria,128
Norway,128
Pakistan,128
Panama,120
Paraguay,121
Peru,126
Philippines,128
Poland,119
Portugal,120
PuertoRico,117
Romania,111
RussianFederation,117
SanMarino,100
SaudiArabia,112
Senegal,126
Serbia,119
Seychelles,68
SierraLeone,98
Singapore,127
Somalia,111
SouthAfrica,121
Spain,126
SriLanka,127
Sudan,122
Suriname,117
Sweden,125
Switzerland,129
SyrianArabRepublic,125
Tanzania,128
Thailand,128
Togo,122
TrinidadandTobago,95
Tunisia,128
Turkey,128
Uganda,92
UnitedArabEmirates,117
UnitedKingdom,129
UnitedStates,129
Uruguay,126
VenezuelaRB,120
Vietnam,107
VirginIslandsUS,102
Zambia,128
Zimbabwe,129