Albania,127
Algeria,129
Argentina,129
Aruba,116
Australia,130
Austria,130
BahamasThe,128
Bangladesh,130
Barbados,126
Belgium,130
Belize,128
Bermuda,126
Bolivia,129
Botswana,130
Brazil,129
Bulgaria,127
BurkinaFaso,130
Cameroon,130
Canada,130
CentralAfricanRepublic,128
Chile,129
China,129
Colombia,129
Comoros,123
CongoDemRep,129
CongoRep,128
CostaRica,129
CotedIvoire,128
Cuba,111
Cyprus,130
Denmark,130
DominicanRepublic,129
Ecuador,129
EgyptArabRep,130
ElSalvador,129
Ethiopia,129
Fiji,127
Finland,130
France,130
Gabon,129
GambiaThe,123
Germany,130
Ghana,130
Greece,130
Guatemala,129
Guyana,127
Haiti,128
Honduras,126
Hungary,129
Iceland,130
India,130
Indonesia,129
IranIslamicRep,128
Iraq,129
Ireland,130
Israel,130
Italy,129
Jamaica,130
Japan,130
Jordan,129
Kenya,130
KoreaDemPeoplesRep,110
KoreaRep,129
Kuwait,129
Lebanon,129
Lesotho,127
Liberia,130
Libya,129
Liechtenstein,127
Luxembourg,129
Madagascar,130
Malawi,130
Malaysia,130
Mali,129
Malta,130
Mauritius,128
Mexico,129
Monaco,129
Mongolia,128
Morocco,130
Mozambique,129
Myanmar,125
Nepal,130
Netherlands,130
NewZealand,130
Nicaragua,128
Niger,129
Nigeria,130
Norway,130
Pakistan,130
Panama,129
Paraguay,129
Peru,129
Philippines,130
Poland,129
Portugal,129
PuertoRico,129
Romania,129
RussianFederation,130
SanMarino,116
SaudiArabia,127
Senegal,129
Serbia,129
Seychelles,64
SierraLeone,127
Singapore,130
Somalia,120
SouthAfrica,130
Spain,129
SriLanka,130
Sudan,129
Suriname,128
Sweden,130
Switzerland,130
SyrianArabRepublic,129
Tanzania,130
Thailand,130
Togo,130
TrinidadandTobago,127
Tunisia,129
Turkey,129
Uganda,130
UnitedArabEmirates,129
UnitedKingdom,130
UnitedStates,130
Uruguay,129
VenezuelaRB,129
Vietnam,127
VirginIslandsUS,125
Zambia,130
Zimbabwe,130