Albania,128
Algeria,130
Argentina,129
Aruba,124
Australia,129
Austria,129
BahamasThe,127
Bangladesh,129
Barbados,127
Belgium,129
Belize,127
Bermuda,127
Bolivia,129
Botswana,130
Brazil,129
Bulgaria,129
BurkinaFaso,130
Cameroon,130
Canada,129
CentralAfricanRepublic,127
Chile,129
China,129
Colombia,129
Comoros,28
CongoDemRep,129
CongoRep,130
CostaRica,129
CotedIvoire,130
Cuba,129
Cyprus,129
Denmark,129
DominicanRepublic,129
Ecuador,129
EgyptArabRep,130
ElSalvador,129
Ethiopia,130
Fiji,127
Finland,129
France,129
Gabon,130
GambiaThe,129
Germany,129
Ghana,130
Greece,129
Guatemala,129
Guyana,127
Haiti,129
Honduras,129
Hungary,129
Iceland,129
India,129
Indonesia,129
IranIslamicRep,129
Iraq,129
Ireland,129
Israel,129
Italy,129
Jamaica,128
Japan,129
Jordan,129
Kenya,129
KoreaDemPeoplesRep,119
KoreaRep,129
Kuwait,129
Lebanon,129
Lesotho,129
Liberia,128
Libya,130
Liechtenstein,129
Luxembourg,129
Madagascar,130
Malawi,130
Malaysia,129
Mali,130
Malta,129
Mauritius,129
Mexico,129
Monaco,129
Mongolia,129
Morocco,130
Mozambique,130
Myanmar,129
Nepal,129
Netherlands,129
NewZealand,129
Nicaragua,129
Niger,129
Nigeria,130
Norway,129
Pakistan,129
Panama,129
Paraguay,129
Peru,129
Philippines,129
Poland,129
Portugal,129
PuertoRico,127
Romania,129
RussianFederation,129
SanMarino,117
SaudiArabia,129
Senegal,130
Serbia,129
Seychelles,125
SierraLeone,129
Singapore,129
Somalia,128
SouthAfrica,130
Spain,128
SriLanka,128
Sudan,130
Suriname,129
Sweden,129
Switzerland,129
SyrianArabRepublic,129
Tanzania,130
Thailand,129
Togo,130
TrinidadandTobago,129
Tunisia,130
Turkey,129
Uganda,130
UnitedArabEmirates,129
UnitedKingdom,129
UnitedStates,128
Uruguay,129
VenezuelaRB,129
Vietnam,129
VirginIslandsUS,126
Zambia,129
Zimbabwe,130