Albania,126
Algeria,130
Argentina,128
Aruba,122
Australia,129
Austria,128
BahamasThe,127
Bangladesh,129
Barbados,127
Belgium,128
Belize,127
Bermuda,127
Bolivia,128
Botswana,130
Brazil,128
Bulgaria,128
BurkinaFaso,130
Cameroon,130
Canada,129
CentralAfricanRepublic,125
Chile,128
China,128
Colombia,128
Comoros,28
CongoDemRep,128
CongoRep,129
CostaRica,128
CotedIvoire,130
Cuba,127
Cyprus,129
Denmark,128
DominicanRepublic,127
Ecuador,128
EgyptArabRep,130
ElSalvador,128
Ethiopia,130
Fiji,129
Finland,128
France,128
Gabon,130
GambiaThe,127
Germany,128
Ghana,130
Greece,128
Guatemala,128
Guyana,127
Haiti,127
Honduras,126
Hungary,128
Iceland,128
India,129
Indonesia,128
IranIslamicRep,127
Iraq,127
Ireland,128
Israel,128
Italy,128
Jamaica,128
Japan,128
Jordan,128
Kenya,129
KoreaDemPeoplesRep,111
KoreaRep,128
Kuwait,128
Lebanon,128
Lesotho,127
Liberia,130
Libya,130
Liechtenstein,128
Luxembourg,128
Madagascar,130
Malawi,128
Malaysia,129
Mali,130
Malta,129
Mauritius,129
Mexico,128
Monaco,128
Mongolia,128
Morocco,130
Mozambique,130
Myanmar,126
Nepal,128
Netherlands,128
NewZealand,129
Nicaragua,128
Niger,128
Nigeria,130
Norway,128
Pakistan,129
Panama,128
Paraguay,127
Peru,128
Philippines,128
Poland,128
Portugal,128
PuertoRico,127
Romania,128
RussianFederation,128
SanMarino,109
SaudiArabia,128
Senegal,130
Serbia,128
Seychelles,54
SierraLeone,127
Singapore,129
Somalia,125
SouthAfrica,130
Spain,128
SriLanka,129
Sudan,130
Suriname,128
Sweden,128
Switzerland,128
SyrianArabRepublic,128
Tanzania,130
Thailand,128
Togo,130
TrinidadandTobago,127
Tunisia,130
Turkey,128
Uganda,130
UnitedArabEmirates,127
UnitedKingdom,129
UnitedStates,128
Uruguay,128
VenezuelaRB,128
Vietnam,128
VirginIslandsUS,126
Zambia,129
Zimbabwe,130