Albania,126
Algeria,130
Argentina,129
Aruba,120
Australia,129
Austria,129
BahamasThe,127
Bangladesh,129
Barbados,127
Belgium,129
Belize,128
Bermuda,126
Bolivia,129
Botswana,130
Brazil,129
Bulgaria,124
BurkinaFaso,130
Cameroon,130
Canada,129
CentralAfricanRepublic,127
Chile,129
China,128
Colombia,129
Comoros,34
CongoDemRep,129
CongoRep,129
CostaRica,129
CotedIvoire,130
Cuba,128
Cyprus,129
Denmark,129
DominicanRepublic,128
Ecuador,129
EgyptArabRep,130
ElSalvador,129
Ethiopia,130
Fiji,129
Finland,129
France,129
Gabon,130
GambiaThe,128
Germany,129
Ghana,130
Greece,129
Guatemala,129
Guyana,127
Haiti,125
Honduras,127
Hungary,129
Iceland,129
India,129
Indonesia,129
IranIslamicRep,129
Iraq,128
Ireland,129
Israel,129
Italy,129
Jamaica,128
Japan,129
Jordan,128
Kenya,130
KoreaDemPeoplesRep,112
KoreaRep,129
Kuwait,128
Lebanon,129
Lesotho,128
Liberia,130
Libya,130
Liechtenstein,127
Luxembourg,129
Madagascar,130
Malawi,130
Malaysia,129
Mali,129
Malta,129
Mauritius,130
Mexico,129
Monaco,128
Mongolia,128
Morocco,130
Mozambique,130
Myanmar,126
Nepal,129
Netherlands,129
NewZealand,129
Nicaragua,129
Niger,129
Nigeria,130
Norway,129
Pakistan,129
Panama,129
Paraguay,129
Peru,129
Philippines,129
Poland,129
Portugal,129
PuertoRico,127
Romania,129
RussianFederation,129
SanMarino,112
SaudiArabia,127
Senegal,130
Serbia,129
Seychelles,107
SierraLeone,128
Singapore,129
Somalia,125
SouthAfrica,130
Spain,129
SriLanka,129
Sudan,130
Suriname,128
Sweden,129
Switzerland,129
SyrianArabRepublic,128
Tanzania,130
Thailand,129
Togo,130
TrinidadandTobago,127
Tunisia,130
Turkey,129
Uganda,130
UnitedArabEmirates,128
UnitedKingdom,129
UnitedStates,129
Uruguay,128
VenezuelaRB,129
Vietnam,128
VirginIslandsUS,125
Zambia,130
Zimbabwe,130