Afghanistan,94
Albania,136
Algeria,136
Angola,135
Argentina,137
Australia,134
Austria,137
BahamasThe,131
Bahrain,137
Bangladesh,137
Barbados,136
Belgium,134
Belize,133
Benin,136
Bermuda,133
Bolivia,133
Botswana,135
Brazil,137
Bulgaria,137
BurkinaFaso,134
Cameroon,137
Canada,137
Chad,135
Chile,136
China,137
Colombia,137
CongoDemRep,136
CongoRep,137
CostaRica,136
CotedIvoire,130
Cuba,117
Cyprus,137
Denmark,134
DominicanRepublic,125
Ecuador,136
EgyptArabRep,137
ElSalvador,125
Eswatini,124
Ethiopia,136
Fiji,123
Finland,137
France,137
Gabon,127
GambiaThe,135
Germany,137
Ghana,135
Greece,137
Grenada,133
Guatemala,125
Guinea,136
GuineaBissau,102
Guyana,135
Haiti,133
Honduras,124
Hungary,134
Iceland,133
India,137
Indonesia,133
IranIslamicRep,137
Iraq,136
Ireland,129
Israel,137
Italy,134
Jamaica,137
Japan,137
Jordan,137
Kenya,137
KoreaRep,137
Kuwait,137
LaoPDR,94
Lebanon,137
Lesotho,135
Liberia,135
Libya,136
Liechtenstein,106
Luxembourg,133
Madagascar,137
Malawi,127
Malaysia,131
Mali,135
Malta,137
Mauritania,136
Mauritius,137
Mexico,137
Monaco,128
Mongolia,135
Morocco,137
Mozambique,136
Nepal,136
Netherlands,134
NewZealand,133
Nicaragua,129
Niger,124
Nigeria,136
Norway,134
Pakistan,137
Panama,130
PapuaNewGuinea,122
Paraguay,133
Peru,137
Philippines,136
Poland,137
Portugal,137
PuertoRico,133
Qatar,79
Romania,136
RussianFederation,134
Rwanda,132
SaudiArabia,127
Senegal,137
Serbia,132
Seychelles,135
SierraLeone,135
Singapore,133
Somalia,137
SouthAfrica,134
Spain,137
SriLanka,136
Sudan,136
Suriname,135
Sweden,134
Switzerland,133
SyrianArabRepublic,137
Tanzania,135
Thailand,130
Togo,132
TrinidadandTobago,135
Tunisia,137
Turkey,134
Uganda,135
UnitedArabEmirates,127
UnitedKingdom,134
UnitedStates,137
Uruguay,136
VenezuelaRB,137
Vietnam,117
Zambia,135
Zimbabwe,136