Afghanistan,103
Albania,112
Algeria,136
Angola,112
Argentina,135
Australia,135
Austria,135
BahamasThe,119
Bahrain,135
Bangladesh,135
Barbados,133
Belgium,123
Belize,118
Benin,136
Bermuda,122
Bolivia,127
Botswana,136
Brazil,135
Bulgaria,135
BurkinaFaso,126
Cameroon,137
Canada,135
Chad,112
Chile,134
China,135
Colombia,135
CongoDemRep,136
CongoRep,137
CostaRica,133
CotedIvoire,130
Cuba,133
Cyprus,135
Denmark,135
DominicanRepublic,133
Ecuador,135
EgyptArabRep,137
ElSalvador,115
Eswatini,126
Ethiopia,112
Fiji,114
Finland,135
France,135
Gabon,109
GambiaThe,112
Germany,135
Ghana,136
Greece,135
Grenada,117
Guatemala,111
Guinea,136
GuineaBissau,112
Guyana,134
Haiti,118
Honduras,112
Hungary,135
Iceland,119
India,135
Indonesia,120
IranIslamicRep,135
Iraq,133
Ireland,135
Israel,135
Italy,135
Jamaica,135
Japan,135
Jordan,135
Kenya,133
KoreaRep,119
Kuwait,135
LaoPDR,103
Lebanon,135
Lesotho,112
Liberia,41
Libya,130
Liechtenstein,82
Luxembourg,119
Madagascar,114
Malawi,41
Malaysia,119
Mali,112
Malta,135
Mauritania,112
Mauritius,137
Mexico,135
Monaco,121
Mongolia,103
Morocco,135
Mozambique,136
Nepal,133
Netherlands,122
NewZealand,119
Nicaragua,120
Niger,126
Nigeria,137
Norway,120
Pakistan,135
Panama,135
PapuaNewGuinea,114
Paraguay,125
Peru,135
Philippines,135
Poland,135
Portugal,135
PuertoRico,122
Qatar,117
Romania,135
RussianFederation,133
Rwanda,126
SaudiArabia,117
Senegal,137
Serbia,135
Seychelles,136
SierraLeone,136
Singapore,118
Somalia,136
SouthAfrica,135
Spain,135
SriLanka,133
Sudan,136
Suriname,133
Sweden,135
Switzerland,135
SyrianArabRepublic,135
Tanzania,137
Thailand,119
Togo,126
TrinidadandTobago,133
Tunisia,137
Turkey,135
Uganda,136
UnitedArabEmirates,118
UnitedKingdom,135
UnitedStates,135
Uruguay,134
VenezuelaRB,135
Vietnam,103
Zambia,136
Zimbabwe,136