Afghanistan,101
Albania,101
Algeria,136
Angola,101
Argentina,137
Australia,136
Austria,136
BahamasThe,125
Bahrain,65
Bangladesh,133
Barbados,121
Belgium,136
Belize,27
Benin,133
Bermuda,124
Bolivia,137
Botswana,116
Brazil,137
Bulgaria,109
BurkinaFaso,116
Cameroon,133
Canada,137
Chad,116
Chile,137
China,133
Colombia,137
CongoDemRep,136
CongoRep,136
CostaRica,137
CotedIvoire,133
Cuba,134
Cyprus,136
Denmark,136
DominicanRepublic,134
Ecuador,134
EgyptArabRep,136
ElSalvador,134
Eswatini,116
Ethiopia,101
Fiji,118
Finland,136
France,136
Gabon,116
GambiaThe,133
Germany,136
Ghana,133
Greece,136
Grenada,116
Guatemala,119
Guinea,101
GuineaBissau,101
Guyana,134
Haiti,121
Honduras,133
Hungary,136
Iceland,120
India,136
Indonesia,136
IranIslamicRep,136
Iraq,136
Ireland,125
Israel,124
Italy,136
Jamaica,137
Japan,136
Jordan,136
Kenya,133
KoreaRep,124
Kuwait,136
LaoPDR,112
Lebanon,136
Lesotho,116
Liberia,116
Libya,133
Liechtenstein,65
Luxembourg,136
Madagascar,133
Malawi,133
Malaysia,133
Mali,101
Malta,122
Mauritania,133
Mauritius,133
Mexico,137
Monaco,119
Mongolia,101
Morocco,136
Mozambique,133
Nepal,133
Netherlands,136
NewZealand,136
Nicaragua,106
Niger,116
Nigeria,136
Norway,136
Pakistan,133
Panama,134
PapuaNewGuinea,118
Paraguay,134
Peru,137
Philippines,120
Poland,136
Portugal,136
PuertoRico,137
Qatar,65
Romania,109
RussianFederation,133
Rwanda,116
SaudiArabia,121
Senegal,133
Serbia,123
Seychelles,116
SierraLeone,133
Singapore,121
Somalia,101
SouthAfrica,136
Spain,136
SriLanka,133
Sudan,133
Suriname,116
Sweden,136
Switzerland,136
SyrianArabRepublic,115
Tanzania,136
Thailand,119
Togo,101
TrinidadandTobago,134
Tunisia,136
Turkey,123
Uganda,133
UnitedArabEmirates,121
UnitedKingdom,133
UnitedStates,137
Uruguay,107
VenezuelaRB,137
Vietnam,133
Zambia,118
Zimbabwe,133