Afghanistan,84
Albania,137
Algeria,135
Angola,130
Argentina,137
Australia,136
Austria,137
BahamasThe,127
Bahrain,137
Bangladesh,133
Barbados,131
Belgium,136
Belize,126
Benin,134
Bermuda,133
Bolivia,136
Botswana,130
Brazil,137
Bulgaria,135
BurkinaFaso,132
Cameroon,136
Canada,137
Chad,132
Chile,136
China,119
Colombia,135
CongoDemRep,133
CongoRep,135
CostaRica,134
CotedIvoire,136
Cuba,126
Cyprus,135
Denmark,136
DominicanRepublic,128
Ecuador,137
EgyptArabRep,137
ElSalvador,126
Eswatini,128
Ethiopia,131
Fiji,105
Finland,134
France,137
Gabon,133
GambiaThe,133
Germany,137
Ghana,136
Greece,136
Grenada,126
Guatemala,131
Guinea,131
GuineaBissau,131
Guyana,134
Haiti,128
Honduras,133
Hungary,135
Iceland,132
India,137
Indonesia,137
IranIslamicRep,80
Iraq,61
Ireland,137
Israel,136
Italy,136
Jamaica,132
Japan,137
Jordan,137
Kenya,137
KoreaRep,136
Kuwait,136
LaoPDR,125
Lebanon,137
Lesotho,128
Liberia,132
Libya,109
Liechtenstein,92
Luxembourg,135
Madagascar,135
Malawi,131
Malaysia,132
Mali,133
Malta,135
Mauritania,116
Mauritius,135
Mexico,137
Monaco,92
Mongolia,129
Morocco,137
Mozambique,130
Nepal,136
Netherlands,137
NewZealand,134
Nicaragua,133
Niger,130
Nigeria,137
Norway,135
Pakistan,136
Panama,132
PapuaNewGuinea,126
Paraguay,128
Peru,137
Philippines,137
Poland,137
Portugal,136
PuertoRico,136
Qatar,102
Romania,136
RussianFederation,137
Rwanda,132
SaudiArabia,134
Senegal,136
Serbia,137
Seychelles,130
SierraLeone,136
Singapore,134
Somalia,131
SouthAfrica,135
Spain,136
SriLanka,130
Sudan,113
Suriname,122
Sweden,135
Switzerland,136
SyrianArabRepublic,125
Tanzania,132
Thailand,133
Togo,131
TrinidadandTobago,127
Tunisia,137
Turkey,137
Uganda,133
UnitedArabEmirates,106
UnitedKingdom,137
UnitedStates,137
Uruguay,132
VenezuelaRB,137
Vietnam,127
Zambia,130
Zimbabwe,135