Afghanistan,82
Albania,134
Algeria,132
Angola,130
Argentina,136
Australia,136
Austria,137
BahamasThe,127
Bahrain,137
Bangladesh,136
Barbados,128
Belgium,136
Belize,127
Benin,132
Bermuda,134
Bolivia,136
Botswana,129
Brazil,136
Bulgaria,133
BurkinaFaso,130
Cameroon,136
Canada,137
Chad,129
Chile,136
China,123
Colombia,136
CongoDemRep,131
CongoRep,135
CostaRica,133
CotedIvoire,133
Cuba,126
Cyprus,134
Denmark,136
DominicanRepublic,127
Ecuador,136
EgyptArabRep,137
ElSalvador,126
Eswatini,127
Ethiopia,131
Fiji,100
Finland,134
France,137
Gabon,133
GambiaThe,130
Germany,137
Ghana,135
Greece,136
Grenada,126
Guatemala,131
Guinea,130
GuineaBissau,131
Guyana,134
Haiti,128
Honduras,130
Hungary,134
Iceland,132
India,136
Indonesia,136
IranIslamicRep,97
Iraq,22
Ireland,136
Israel,136
Italy,136
Jamaica,132
Japan,136
Jordan,137
Kenya,136
KoreaRep,136
Kuwait,136
LaoPDR,125
Lebanon,137
Lesotho,127
Liberia,129
Libya,113
Liechtenstein,91
Luxembourg,135
Madagascar,135
Malawi,132
Malaysia,130
Mali,131
Malta,134
Mauritania,117
Mauritius,135
Mexico,136
Monaco,91
Mongolia,127
Morocco,137
Mozambique,130
Nepal,136
Netherlands,136
NewZealand,134
Nicaragua,132
Niger,130
Nigeria,136
Norway,135
Pakistan,136
Panama,132
PapuaNewGuinea,127
Paraguay,124
Peru,136
Philippines,136
Poland,136
Portugal,136
PuertoRico,136
Qatar,85
Romania,134
RussianFederation,136
Rwanda,130
SaudiArabia,126
Senegal,136
Serbia,135
Seychelles,129
SierraLeone,133
Singapore,134
Somalia,130
SouthAfrica,135
Spain,136
SriLanka,127
Sudan,116
Suriname,122
Sweden,135
Switzerland,136
SyrianArabRepublic,114
Tanzania,132
Thailand,134
Togo,131
TrinidadandTobago,127
Tunisia,137
Turkey,135
Uganda,131
UnitedArabEmirates,85
UnitedKingdom,137
UnitedStates,137
Uruguay,130
VenezuelaRB,136
Vietnam,126
Zambia,129
Zimbabwe,133