Afghanistan,133
Albania,99
Algeria,134
Angola,99
Argentina,137
Australia,136
Austria,137
BahamasThe,125
Bahrain,125
Bangladesh,136
Barbados,124
Belgium,137
Belize,124
Benin,99
Bermuda,126
Bolivia,137
Botswana,122
Brazil,137
Bulgaria,135
BurkinaFaso,122
Cameroon,135
Canada,137
Chad,122
Chile,137
China,124
Colombia,137
CongoDemRep,133
CongoRep,133
CostaRica,137
CotedIvoire,135
Cuba,135
Cyprus,135
Denmark,136
DominicanRepublic,135
Ecuador,137
EgyptArabRep,136
ElSalvador,135
Eswatini,122
Ethiopia,133
Fiji,124
Finland,136
France,137
Gabon,125
GambiaThe,133
Germany,137
Ghana,134
Greece,136
Grenada,125
Guatemala,42
Guinea,99
GuineaBissau,133
Guyana,134
Haiti,124
Honduras,135
Hungary,135
Iceland,126
India,136
Indonesia,136
IranIslamicRep,136
Iraq,135
Ireland,125
Israel,126
Italy,137
Jamaica,137
Japan,136
Jordan,135
Kenya,136
KoreaRep,126
Kuwait,136
LaoPDR,133
Lebanon,136
Lesotho,122
Liberia,122
Libya,135
Liechtenstein,83
Luxembourg,136
Madagascar,133
Malawi,99
Malaysia,136
Mali,99
Malta,126
Mauritania,99
Mauritius,136
Mexico,137
Monaco,83
Mongolia,99
Morocco,136
Mozambique,133
Nepal,133
Netherlands,137
NewZealand,136
Nicaragua,135
Niger,122
Nigeria,136
Norway,136
Pakistan,136
Panama,135
PapuaNewGuinea,124
Paraguay,136
Peru,137
Philippines,126
Poland,135
Portugal,126
PuertoRico,137
Qatar,125
Romania,135
RussianFederation,133
Rwanda,122
SaudiArabia,125
Senegal,135
Serbia,125
Seychelles,122
SierraLeone,133
Singapore,126
Somalia,99
SouthAfrica,136
Spain,137
SriLanka,134
Sudan,133
Suriname,73
Sweden,137
Switzerland,137
SyrianArabRepublic,135
Tanzania,135
Thailand,126
Togo,133
TrinidadandTobago,137
Tunisia,135
Turkey,136
Uganda,134
UnitedArabEmirates,126
UnitedKingdom,137
UnitedStates,137
Uruguay,127
VenezuelaRB,137
Vietnam,99
Zambia,124
Zimbabwe,135