Afghanistan,94
Albania,137
Algeria,136
Angola,135
Argentina,137
Australia,134
Austria,137
BahamasThe,129
Bahrain,137
Bangladesh,137
Barbados,134
Belgium,134
Belize,130
Benin,134
Bermuda,132
Bolivia,137
Botswana,134
Brazil,137
Bulgaria,137
BurkinaFaso,131
Cameroon,137
Canada,137
Chad,133
Chile,137
China,133
Colombia,137
CongoDemRep,133
CongoRep,136
CostaRica,136
CotedIvoire,134
Cuba,133
Cyprus,137
Denmark,134
DominicanRepublic,135
Ecuador,137
EgyptArabRep,137
ElSalvador,133
Eswatini,129
Ethiopia,135
Fiji,104
Finland,137
France,137
Gabon,133
GambiaThe,133
Germany,137
Ghana,137
Greece,137
Grenada,130
Guatemala,134
Guinea,134
GuineaBissau,132
Guyana,134
Haiti,128
Honduras,133
Hungary,134
Iceland,132
India,137
Indonesia,134
IranIslamicRep,94
Iraq,98
Ireland,134
Israel,137
Italy,134
Jamaica,137
Japan,137
Jordan,137
Kenya,137
KoreaRep,137
Kuwait,137
LaoPDR,131
Lebanon,137
Lesotho,133
Liberia,134
Libya,132
Liechtenstein,115
Luxembourg,134
Madagascar,136
Malawi,130
Malaysia,131
Mali,134
Malta,137
Mauritania,130
Mauritius,137
Mexico,137
Monaco,89
Mongolia,132
Morocco,137
Mozambique,134
Nepal,137
Netherlands,134
NewZealand,133
Nicaragua,134
Niger,127
Nigeria,137
Norway,134
Pakistan,137
Panama,136
PapuaNewGuinea,125
Paraguay,134
Peru,137
Philippines,137
Poland,137
Portugal,137
PuertoRico,134
Qatar,86
Romania,137
RussianFederation,134
Rwanda,130
SaudiArabia,122
Senegal,137
Serbia,133
Seychelles,134
SierraLeone,136
Singapore,134
Somalia,135
SouthAfrica,134
Spain,137
SriLanka,136
Sudan,131
Suriname,131
Sweden,134
Switzerland,134
SyrianArabRepublic,131
Tanzania,134
Thailand,133
Togo,131
TrinidadandTobago,133
Tunisia,137
Turkey,134
Uganda,135
UnitedArabEmirates,116
UnitedKingdom,135
UnitedStates,137
Uruguay,136
VenezuelaRB,137
Vietnam,132
Zambia,134
Zimbabwe,136