Afghanistan,103
Albania,134
Algeria,136
Angola,130
Argentina,136
Australia,134
Austria,135
BahamasThe,127
Bahrain,135
Bangladesh,132
Barbados,127
Belgium,136
Belize,126
Benin,133
Bermuda,126
Bolivia,134
Botswana,129
Brazil,134
Bulgaria,134
BurkinaFaso,132
Cameroon,135
Canada,136
Chad,129
Chile,134
China,123
Colombia,134
CongoDemRep,132
CongoRep,130
CostaRica,129
CotedIvoire,134
Cuba,126
Cyprus,133
Denmark,136
DominicanRepublic,128
Ecuador,132
EgyptArabRep,135
ElSalvador,125
Eswatini,127
Ethiopia,134
Fiji,104
Finland,135
France,136
Gabon,129
GambiaThe,131
Germany,136
Ghana,134
Greece,136
Grenada,126
Guatemala,132
Guinea,131
GuineaBissau,131
Guyana,127
Haiti,130
Honduras,130
Hungary,133
Iceland,127
India,136
Indonesia,129
IranIslamicRep,2
Iraq,99
Ireland,135
Israel,135
Italy,136
Jamaica,131
Japan,136
Jordan,135
Kenya,134
KoreaRep,134
Kuwait,132
LaoPDR,127
Lebanon,133
Lesotho,127
Liberia,129
Libya,76
Liechtenstein,80
Luxembourg,132
Madagascar,130
Malawi,132
Malaysia,130
Mali,133
Malta,130
Mauritania,115
Mauritius,131
Mexico,134
Monaco,80
Mongolia,132
Morocco,135
Mozambique,129
Nepal,133
Netherlands,136
NewZealand,132
Nicaragua,132
Niger,130
Nigeria,132
Norway,135
Pakistan,134
Panama,122
PapuaNewGuinea,126
Paraguay,132
Peru,134
Philippines,134
Poland,134
Portugal,134
PuertoRico,132
Qatar,61
Romania,133
RussianFederation,136
Rwanda,132
SaudiArabia,126
Senegal,134
Serbia,134
Seychelles,129
SierraLeone,134
Singapore,130
Somalia,131
SouthAfrica,135
Spain,136
SriLanka,124
Sudan,77
Suriname,122
Sweden,135
Switzerland,136
SyrianArabRepublic,90
Tanzania,132
Thailand,131
Togo,132
TrinidadandTobago,124
Tunisia,135
Turkey,135
Uganda,136
UnitedArabEmirates,83
UnitedKingdom,136
UnitedStates,137
Uruguay,134
VenezuelaRB,134
Vietnam,127
Zambia,133
Zimbabwe,134